<?xml version="1.0" encoding="UTF-8"?>

<!DOCTYPE mapper
  PUBLIC "-//mybatis.org//DTD Mapper 3.0//EN"
  "http://mybatis.org/dtd/mybatis-3-mapper.dtd">
  
<!-- 
각 속성정리
	namespace : 해당 mapper파일을 호출하기 위해 정의된 인터페이스의
		패키지를 포함한 풀경로를 기술한다.
	id : 실제 호출되는 함수명과 일치한다.
	resultType : 쿼리 실행후 반환되는 값의 타입을 지정한다.
 -->
<mapper namespace="dao.MemberDAO">
	
	<!-- 어노테이션에서 지정한 이름으로 파라미터를 기술한다. -->
	<insert id="joinMember">
		INSERT INTO member(id, pass, name, tel, mobile, email, zipcode, addr, admail, grade) VALUES (
			#{id}, #{pass}, #{name}, #{tel , jdbcType=VARCHAR}, #{mobile}, #{email , jdbcType=VARCHAR}, #{zipcode}, #{addr}, #{admail}, #{grade})		
	</insert>
	
	<select resultType="int" id="idCheck">
		SELECT COUNT(*) FROM member WHERE id = #{0}
	</select>
	
	<select resultType="dto.DTO" id="findId">
		SELECT id FROM member WHERE name = #{0} AND email = #{1}
	</select>
	
	<select resultType="dto.DTO" id="findPass">
		SELECT pass FROM member WHERE id=#{0} AND name = #{1} AND email = #{2}
	</select>
	
	<select resultType="dto.DTO" id="login">
		SELECT * FROM member WHERE id = #{0} AND pass = #{1}
	</select>
	
	<select resultType="int" id="getTotalCount" parameterType="hashmap">
		SELECT COUNT(*) FROM member WHERE 1=1
	</select>	
	
	<select id="listPage" resultType="dto.DTO" parameterType="hashmap">
		SELECT * FROM ( 
			SELECT Tb. *, rownum rNum FROM (
				SELECT*FROM member WHERE 1=1
				<if test="searchWord!=null and !searchWord.equals('')">
					AND ${searchColumn} LIKE '%'||#{searchWord}||'%'
				</if>							
				ORDER BY grade DESC 
				) Tb
			)				  
			WHERE rNum BETWEEN #{start} AND #{end} 
	</select>
		
	<select id="view" resultType="dto.DTO">
		SELECT * FROM member where id = #{0}		
	</select>
	
</mapper>
<!-- 
Mybatis 쿼리성공시 반환값

select : select문에 해당하는 결과를 반환한다.
	count(*)를 사용하는 경우 int(정수)형이 반환된다.
	주로 반환값은 DTO타입으로 반환되고, 그 결과가 여러개일 경우에는
	List계열의 컬렉션에 저장되어 반환된다.

insert : 성공시 1을 반환하고, 실패시 0을 반환한다.
	만약 insert가 여러번 되더라도 성공시에는 1을 반환한다.	
-->
